"workerid","reported_results","reported_property","pass_property","pass_numeric","actual_property","distribution","pass_both","condition"
0,0,"know when earthquakes are about to happen",1,1,"know when earthquakes are about to happen","rare_weak",1,"memory_check"
1,76,"know when earthquakes are about to happen",1,1,"know when earthquakes are about to happen","rare_strong",1,"memory_check"
2,100,"know when earthquakes are about to happen",1,1,"know when earthquakes are about to happen","uniform",1,"memory_check"
3,3,"have seizures",0,0,"know when earthquakes are about to happen","rare_strong",0,"memory_check"
4,100,"know when earthquakes are about to happen",1,1,"know when earthquakes are about to happen","weak_or_deterministic",1,"memory_check"
5,77,"know when earthquakes are about to happen",1,1,"know when earthquakes are about to happen","weak_or_strong",1,"memory_check"
6,28,"know when earthquakes are about to happen",1,1,"know when earthquakes are about to happen","weak_or_strong",1,"memory_check"
7,19,"know when earthquakes are about to happen",1,1,"know when earthquakes are about to happen","weak_or_half",1,"memory_check"
8,0,"know when earthquakes are about to happen",1,1,"know when earthquakes are about to happen","uniform",1,"memory_check"
9,0,"know when earthquakes are about to happen",1,1,"know when earthquakes are about to happen","rare_strong",1,"memory_check"
10,1,"know when earthquakes are about to happen",1,1,"know when earthquakes are about to happen","rare_half",1,"memory_check"
11,72,"know when earthquakes are about to happen",1,1,"know when earthquakes are about to happen","rare_strong",1,"memory_check"
12,78,"know when earthquakes are about to happen",1,1,"know when earthquakes are about to happen","rare_strong",1,"memory_check"
13,74,"know when earthquakes are about to happen",1,1,"know when earthquakes are about to happen","rare_strong",1,"memory_check"
14,100,"know when earthquakes are about to happen",1,1,"know when earthquakes are about to happen","half_or_deterministic",1,"memory_check"
15,98,"know when earthquakes are about to happen",1,1,"know when earthquakes are about to happen","weak_or_deterministic",1,"memory_check"
16,25,"know when earthquakes are about to happen",1,1,"know when earthquakes are about to happen","weak_or_half",1,"memory_check"
17,53,"know when earthquakes are about to happen",1,1,"know when earthquakes are about to happen","rare_half",1,"memory_check"
18,27,"know when earthquakes are about to happen",1,1,"know when earthquakes are about to happen","weak_or_half",1,"memory_check"
19,0,"know when earthquakes are about to happen",1,0,"know when earthquakes are about to happen","weak_or_strong",0,"memory_check"
20,99,"know when earthquakes are about to happen",1,1,"know when earthquakes are about to happen","half_or_deterministic",1,"memory_check"
21,28,"know when earthquakes are about to happen",1,1,"know when earthquakes are about to happen","weak_or_strong",1,"memory_check"
22,55,"know when earthquakes are about to happen",1,1,"know when earthquakes are about to happen","weak_or_half",1,"memory_check"
23,26,"know when earthquakes are about to happen",1,1,"know when earthquakes are about to happen","weak_or_half",1,"memory_check"
24,100,"know when earthquakes are about to happen",1,1,"know when earthquakes are about to happen","strong_or_deterministic",1,"memory_check"
25,20,"know when earthquakes are about to happen",1,1,"know when earthquakes are about to happen","uniform",1,"memory_check"
26,100,"know when earthquakes are about to happen",1,1,"know when earthquakes are about to happen","rare_deterministic",1,"memory_check"
27,0,"know when earthquakes are about to happen",1,1,"know when earthquakes are about to happen","uniform",1,"memory_check"
28,100,"know when earthquakes are about to happen",1,1,"know when earthquakes are about to happen","weak_or_deterministic",1,"memory_check"
29,77,"know when earthquakes are about to happen",1,1,"know when earthquakes are about to happen","weak_or_strong",1,"memory_check"
30,100,"know when earthquakes are about to happen",1,1,"know when earthquakes are about to happen","rare_deterministic",1,"memory_check"
31,24,"know when earthquakes are about to happen",1,1,"know when earthquakes are about to happen","rare_weak",1,"memory_check"
32,75,"know when earthquakes are about to happen",1,1,"know when earthquakes are about to happen","rare_strong",1,"memory_check"
33,53,"know when earthquakes are about to happen",1,1,"know when earthquakes are about to happen","rare_half",1,"memory_check"
34,78,"know when earthquakes are about to happen",1,0,"know when earthquakes are about to happen","strong_or_deterministic",0,"memory_check"
35,1,"know when earthquakes are about to happen",1,1,"know when earthquakes are about to happen","rare_weak",1,"memory_check"
36,99,"know when earthquakes are about to happen",1,1,"know when earthquakes are about to happen","rare_deterministic",1,"memory_check"
37,100,"know when earthquakes are about to happen",1,1,"know when earthquakes are about to happen","rare_deterministic",1,"memory_check"
38,50,"know when earthquakes are about to happen",1,1,"know when earthquakes are about to happen","rare_half",1,"memory_check"
39,0,"know when earthquakes are about to happen",1,1,"know when earthquakes are about to happen","rare_weak",1,"memory_check"
40,54,"torture other animals",0,1,"know when earthquakes are about to happen","weak_or_half",0,"memory_check"
41,100,"know when earthquakes are about to happen",1,1,"know when earthquakes are about to happen","rare_deterministic",1,"memory_check"
42,100,"know when earthquakes are about to happen",1,1,"know when earthquakes are about to happen","weak_or_deterministic",1,"memory_check"
43,49,"know when earthquakes are about to happen",1,1,"know when earthquakes are about to happen","rare_half",1,"memory_check"
44,53,"know when earthquakes are about to happen",1,1,"know when earthquakes are about to happen","rare_half",1,"memory_check"
45,49,"know when earthquakes are about to happen",1,1,"know when earthquakes are about to happen","rare_half",1,"memory_check"
46,60,"attack hikers",0,0,"know when earthquakes are about to happen","strong_or_deterministic",0,"memory_check"
47,95,"know when earthquakes are about to happen",1,1,"know when earthquakes are about to happen","uniform",1,"memory_check"
48,74,"know when earthquakes are about to happen",1,1,"know when earthquakes are about to happen","weak_or_strong",1,"memory_check"
49,100,"know when earthquakes are about to happen",1,1,"know when earthquakes are about to happen","weak_or_deterministic",1,"memory_check"
50,100,"know when earthquakes are about to happen",1,1,"know when earthquakes are about to happen","uniform",1,"memory_check"
51,100,"know when earthquakes are about to happen",1,1,"know when earthquakes are about to happen","strong_or_deterministic",1,"memory_check"
52,100,"know when earthquakes are about to happen",1,1,"know when earthquakes are about to happen","rare_deterministic",1,"memory_check"
53,0,"know when earthquakes are about to happen",1,1,"know when earthquakes are about to happen","rare_weak",1,"memory_check"
54,100,"know when earthquakes are about to happen",1,1,"know when earthquakes are about to happen","uniform",1,"memory_check"
55,51,"know when earthquakes are about to happen",1,1,"know when earthquakes are about to happen","weak_or_half",1,"memory_check"
56,100,"know when earthquakes are about to happen",1,1,"know when earthquakes are about to happen","strong_or_deterministic",1,"memory_check"
57,100,"know when earthquakes are about to happen",1,1,"know when earthquakes are about to happen","weak_or_deterministic",1,"memory_check"
58,0,"know when earthquakes are about to happen",1,1,"know when earthquakes are about to happen","rare_half",1,"memory_check"
59,100,"know when earthquakes are about to happen",1,1,"know when earthquakes are about to happen","weak_or_deterministic",1,"memory_check"
60,78,"know when earthquakes are about to happen",1,1,"know when earthquakes are about to happen","rare_strong",1,"memory_check"
61,1,"know when earthquakes are about to happen",1,1,"know when earthquakes are about to happen","rare_weak",1,"memory_check"
62,79,"know when earthquakes are about to happen",1,1,"know when earthquakes are about to happen","rare_strong",1,"memory_check"
63,100,"know when earthquakes are about to happen",1,1,"know when earthquakes are about to happen","weak_or_deterministic",1,"memory_check"
64,100,"know when earthquakes are about to happen",1,1,"know when earthquakes are about to happen","strong_or_deterministic",1,"memory_check"
65,100,"know when earthquakes are about to happen",1,1,"know when earthquakes are about to happen","uniform",1,"memory_check"
66,100,"know when earthquakes are about to happen",1,1,"know when earthquakes are about to happen","rare_deterministic",1,"memory_check"
67,79,"know when earthquakes are about to happen",1,1,"know when earthquakes are about to happen","weak_or_strong",1,"memory_check"
68,29,"know when earthquakes are about to happen",1,1,"know when earthquakes are about to happen","rare_weak",1,"memory_check"
69,51,"know when earthquakes are about to happen",1,1,"know when earthquakes are about to happen","rare_half",1,"memory_check"
70,100,"know when earthquakes are about to happen",1,1,"know when earthquakes are about to happen","rare_deterministic",1,"memory_check"
71,98,"know when earthquakes are about to happen",1,1,"know when earthquakes are about to happen","rare_deterministic",1,"memory_check"
72,28,"know when earthquakes are about to happen",1,1,"know when earthquakes are about to happen","weak_or_deterministic",1,"memory_check"
73,50,"know when earthquakes are about to happen",1,1,"know when earthquakes are about to happen","rare_half",1,"memory_check"
74,50,"know when earthquakes are about to happen",1,1,"know when earthquakes are about to happen","half_or_deterministic",1,"memory_check"
75,100,"know when earthquakes are about to happen",1,1,"know when earthquakes are about to happen","rare_deterministic",1,"memory_check"
76,0,"know when earthquakes are about to happen",1,1,"know when earthquakes are about to happen","rare_half",1,"memory_check"
77,99,"know when earthquakes are about to happen",1,1,"know when earthquakes are about to happen","weak_or_deterministic",1,"memory_check"
78,52,"know when earthquakes are about to happen",1,1,"know when earthquakes are about to happen","rare_half",1,"memory_check"
79,100,"know when earthquakes are about to happen",1,1,"know when earthquakes are about to happen","strong_or_deterministic",1,"memory_check"
80,100,"know when earthquakes are about to happen",1,1,"know when earthquakes are about to happen","weak_or_deterministic",1,"memory_check"
81,38,"know when earthquakes are about to happen",1,0,"know when earthquakes are about to happen","weak_or_half",0,"memory_check"
82,77,"know when earthquakes are about to happen",1,1,"know when earthquakes are about to happen","rare_strong",1,"memory_check"
83,98,"know when earthquakes are about to happen",1,1,"know when earthquakes are about to happen","weak_or_deterministic",1,"memory_check"
84,25,"know when earthquakes are about to happen",1,1,"know when earthquakes are about to happen","rare_weak",1,"memory_check"
85,26,"know when earthquakes are about to happen",1,1,"know when earthquakes are about to happen","rare_weak",1,"memory_check"
86,94,"know when earthquakes are about to happen",1,1,"know when earthquakes are about to happen","rare_deterministic",1,"memory_check"
87,100,"know when earthquakes are about to happen",1,1,"know when earthquakes are about to happen","strong_or_deterministic",1,"memory_check"
88,1,"know when earthquakes are about to happen",1,1,"know when earthquakes are about to happen","rare_half",1,"memory_check"
89,100,"know when earthquakes are about to happen",1,1,"know when earthquakes are about to happen","half_or_deterministic",1,"memory_check"
90,80,"know when earthquakes are about to happen",1,1,"know when earthquakes are about to happen","weak_or_strong",1,"memory_check"
91,50,"know when earthquakes are about to happen",1,1,"know when earthquakes are about to happen","weak_or_half",1,"memory_check"
92,50,"know when earthquakes are about to happen",1,1,"know when earthquakes are about to happen","rare_half",1,"memory_check"
93,100,"know when earthquakes are about to happen",1,1,"know when earthquakes are about to happen","weak_or_deterministic",1,"memory_check"
94,58,"know when earthquakes are about to happen",1,0,"know when earthquakes are about to happen","rare_half",0,"memory_check"
95,51,"know when earthquakes are about to happen",1,1,"know when earthquakes are about to happen","weak_or_half",1,"memory_check"
96,25,"know when earthquakes are about to happen",1,1,"know when earthquakes are about to happen","rare_weak",1,"memory_check"
97,100,"know when earthquakes are about to happen",1,1,"know when earthquakes are about to happen","uniform",1,"memory_check"
98,100,"know when earthquakes are about to happen",1,1,"know when earthquakes are about to happen","rare_deterministic",1,"memory_check"
99,4,"know when earthquakes are about to happen",1,0,"know when earthquakes are about to happen","rare_deterministic",0,"memory_check"
100,48,"know when earthquakes are about to happen",1,1,"know when earthquakes are about to happen","weak_or_half",1,"memory_check"
101,100,"know when earthquakes are about to happen",1,1,"know when earthquakes are about to happen","rare_deterministic",1,"memory_check"
102,29,"know when earthquakes are about to happen",1,1,"know when earthquakes are about to happen","rare_weak",1,"memory_check"
103,98,"know when earthquakes are about to happen",1,1,"know when earthquakes are about to happen","weak_or_deterministic",1,"memory_check"
104,28,"know when earthquakes are about to happen",1,1,"know when earthquakes are about to happen","weak_or_half",1,"memory_check"
105,50,"know when earthquakes are about to happen",1,0,"know when earthquakes are about to happen","rare_strong",0,"memory_check"
106,96,"know when earthquakes are about to happen",1,1,"know when earthquakes are about to happen","half_or_deterministic",1,"memory_check"
107,100,"know when earthquakes are about to happen",1,1,"know when earthquakes are about to happen","rare_deterministic",1,"memory_check"
108,80,"know when earthquakes are about to happen",1,1,"know when earthquakes are about to happen","uniform",1,"memory_check"
109,100,"know when earthquakes are about to happen",1,1,"know when earthquakes are about to happen","uniform",1,"memory_check"
110,97,"know when earthquakes are about to happen",1,1,"know when earthquakes are about to happen","weak_or_deterministic",1,"memory_check"
111,74,"know when earthquakes are about to happen",1,1,"know when earthquakes are about to happen","strong_or_deterministic",1,"memory_check"
112,100,"know when earthquakes are about to happen",1,1,"know when earthquakes are about to happen","half_or_deterministic",1,"memory_check"
113,55,"know when earthquakes are about to happen",1,1,"know when earthquakes are about to happen","weak_or_half",1,"memory_check"
114,95,"know when earthquakes are about to happen",1,1,"know when earthquakes are about to happen","uniform",1,"memory_check"
115,53,"know when earthquakes are about to happen",1,1,"know when earthquakes are about to happen","weak_or_half",1,"memory_check"
116,52,"know when earthquakes are about to happen",1,1,"know when earthquakes are about to happen","half_or_deterministic",1,"memory_check"
117,100,"know when earthquakes are about to happen",1,1,"know when earthquakes are about to happen","half_or_deterministic",1,"memory_check"
118,99,"know when earthquakes are about to happen",1,1,"know when earthquakes are about to happen","half_or_deterministic",1,"memory_check"
119,75,"know when earthquakes are about to happen",1,1,"know when earthquakes are about to happen","strong_or_deterministic",1,"memory_check"
120,75,"know when earthquakes are about to happen",1,1,"know when earthquakes are about to happen","weak_or_strong",1,"memory_check"
121,99,"know when earthquakes are about to happen",1,1,"know when earthquakes are about to happen","weak_or_deterministic",1,"memory_check"
122,76,"know when earthquakes are about to happen",1,1,"know when earthquakes are about to happen","rare_strong",1,"memory_check"
123,99,"know when earthquakes are about to happen",1,1,"know when earthquakes are about to happen","weak_or_deterministic",1,"memory_check"
124,100,"know when earthquakes are about to happen",1,1,"know when earthquakes are about to happen","half_or_deterministic",1,"memory_check"
125,100,"know when earthquakes are about to happen",1,1,"know when earthquakes are about to happen","half_or_deterministic",1,"memory_check"
126,100,"know when earthquakes are about to happen",1,1,"know when earthquakes are about to happen","strong_or_deterministic",1,"memory_check"
127,25,"know when earthquakes are about to happen",1,1,"know when earthquakes are about to happen","rare_weak",1,"memory_check"
128,54,"know when earthquakes are about to happen",1,1,"know when earthquakes are about to happen","rare_half",1,"memory_check"
129,100,"know when earthquakes are about to happen",1,1,"know when earthquakes are about to happen","strong_or_deterministic",1,"memory_check"
130,52,"know when earthquakes are about to happen",1,1,"know when earthquakes are about to happen","weak_or_half",1,"memory_check"
131,75,"know when earthquakes are about to happen",1,1,"know when earthquakes are about to happen","rare_strong",1,"memory_check"
132,76,"know when earthquakes are about to happen",1,1,"know when earthquakes are about to happen","rare_strong",1,"memory_check"
133,53,"know when earthquakes are about to happen",1,1,"know when earthquakes are about to happen","weak_or_half",1,"memory_check"
134,74,"know when earthquakes are about to happen",1,1,"know when earthquakes are about to happen","weak_or_strong",1,"memory_check"
135,75,"know when earthquakes are about to happen",1,1,"know when earthquakes are about to happen","weak_or_strong",1,"memory_check"
136,75,"know when earthquakes are about to happen",1,1,"know when earthquakes are about to happen","weak_or_strong",1,"memory_check"
137,27,"know when earthquakes are about to happen",1,1,"know when earthquakes are about to happen","rare_weak",1,"memory_check"
138,78,"know when earthquakes are about to happen",1,1,"know when earthquakes are about to happen","weak_or_strong",1,"memory_check"
139,49,"know when earthquakes are about to happen",1,1,"know when earthquakes are about to happen","weak_or_half",1,"memory_check"
140,51,"know when earthquakes are about to happen",1,1,"know when earthquakes are about to happen","half_or_deterministic",1,"memory_check"
141,78,"know when earthquakes are about to happen",1,1,"know when earthquakes are about to happen","weak_or_strong",1,"memory_check"
142,100,"know when earthquakes are about to happen",1,1,"know when earthquakes are about to happen","rare_deterministic",1,"memory_check"
143,48,"know when earthquakes are about to happen",1,1,"know when earthquakes are about to happen","weak_or_half",1,"memory_check"
144,100,"know when earthquakes are about to happen",1,1,"know when earthquakes are about to happen","uniform",1,"memory_check"
145,80,"know when earthquakes are about to happen",1,1,"know when earthquakes are about to happen","uniform",1,"memory_check"
146,52,"know when earthquakes are about to happen",1,1,"know when earthquakes are about to happen","rare_half",1,"memory_check"
147,100,"know when earthquakes are about to happen",1,1,"know when earthquakes are about to happen","uniform",1,"memory_check"
148,25,"know when earthquakes are about to happen",1,1,"know when earthquakes are about to happen","rare_weak",1,"memory_check"
149,10,"know when earthquakes are about to happen",1,0,"know when earthquakes are about to happen","rare_weak",0,"memory_check"
150,80,"know when earthquakes are about to happen",1,1,"know when earthquakes are about to happen","weak_or_strong",1,"memory_check"
151,100,"know when earthquakes are about to happen",1,1,"know when earthquakes are about to happen","rare_deterministic",1,"memory_check"
152,98,"know when earthquakes are about to happen",1,1,"know when earthquakes are about to happen","weak_or_deterministic",1,"memory_check"
153,24,"know when earthquakes are about to happen",1,1,"know when earthquakes are about to happen","weak_or_deterministic",1,"memory_check"
154,74,"know when earthquakes are about to happen",1,1,"know when earthquakes are about to happen","rare_strong",1,"memory_check"
155,2,"know when earthquakes are about to happen",1,1,"know when earthquakes are about to happen","rare_weak",1,"memory_check"
156,100,"know when earthquakes are about to happen",1,1,"know when earthquakes are about to happen","uniform",1,"memory_check"
157,21,"know when earthquakes are about to happen",1,1,"know when earthquakes are about to happen","rare_weak",1,"memory_check"
158,74,"know when earthquakes are about to happen",1,1,"know when earthquakes are about to happen","weak_or_strong",1,"memory_check"
159,99,"know when earthquakes are about to happen",1,1,"know when earthquakes are about to happen","rare_deterministic",1,"memory_check"
160,22,"know when earthquakes are about to happen",1,1,"know when earthquakes are about to happen","weak_or_strong",1,"memory_check"
161,79,"know when earthquakes are about to happen",1,1,"know when earthquakes are about to happen","weak_or_strong",1,"memory_check"
162,99,"know when earthquakes are about to happen",1,1,"know when earthquakes are about to happen","weak_or_deterministic",1,"memory_check"
163,74,"know when earthquakes are about to happen",1,1,"know when earthquakes are about to happen","weak_or_strong",1,"memory_check"
164,49,"know when earthquakes are about to happen",1,1,"know when earthquakes are about to happen","weak_or_half",1,"memory_check"
165,77,"know when earthquakes are about to happen",1,1,"know when earthquakes are about to happen","rare_strong",1,"memory_check"
166,74,"know when earthquakes are about to happen",1,1,"know when earthquakes are about to happen","weak_or_strong",1,"memory_check"
167,75,"know when earthquakes are about to happen",1,1,"know when earthquakes are about to happen","rare_strong",1,"memory_check"
168,27,"know when earthquakes are about to happen",1,1,"know when earthquakes are about to happen","rare_weak",1,"memory_check"
169,74,"know when earthquakes are about to happen",1,1,"know when earthquakes are about to happen","weak_or_strong",1,"memory_check"
170,51,"know when earthquakes are about to happen",1,1,"know when earthquakes are about to happen","weak_or_half",1,"memory_check"
171,100,"know when earthquakes are about to happen",1,1,"know when earthquakes are about to happen","half_or_deterministic",1,"memory_check"
172,77,"know when earthquakes are about to happen",1,1,"know when earthquakes are about to happen","weak_or_strong",1,"memory_check"
173,75,"know when earthquakes are about to happen",1,1,"know when earthquakes are about to happen","rare_strong",1,"memory_check"
174,100,"know when earthquakes are about to happen",1,1,"know when earthquakes are about to happen","half_or_deterministic",1,"memory_check"
175,100,"know when earthquakes are about to happen",1,1,"know when earthquakes are about to happen","uniform",1,"memory_check"
176,100,"know when earthquakes are about to happen",1,1,"know when earthquakes are about to happen","strong_or_deterministic",1,"memory_check"
177,55,"know when earthquakes are about to happen",1,1,"know when earthquakes are about to happen","uniform",1,"memory_check"
178,81,"know when earthquakes are about to happen",1,1,"know when earthquakes are about to happen","rare_strong",1,"memory_check"
179,22,"know when earthquakes are about to happen",1,1,"know when earthquakes are about to happen","weak_or_half",1,"memory_check"
180,0,"know when earthquakes are about to happen",1,1,"know when earthquakes are about to happen","rare_weak",1,"memory_check"
181,100,"know when earthquakes are about to happen",1,1,"know when earthquakes are about to happen","strong_or_deterministic",1,"memory_check"
182,29,"know when earthquakes are about to happen",1,1,"know when earthquakes are about to happen","weak_or_deterministic",1,"memory_check"
183,75,"know when earthquakes are about to happen",1,1,"know when earthquakes are about to happen","rare_strong",1,"memory_check"
184,47,"know when earthquakes are about to happen",1,1,"know when earthquakes are about to happen","half_or_deterministic",1,"memory_check"
185,28,"know when earthquakes are about to happen",1,1,"know when earthquakes are about to happen","rare_weak",1,"memory_check"
186,100,"know when earthquakes are about to happen",1,1,"know when earthquakes are about to happen","half_or_deterministic",1,"memory_check"
187,1,"know when earthquakes are about to happen",1,1,"know when earthquakes are about to happen","rare_deterministic",1,"memory_check"
188,75,"know when earthquakes are about to happen",1,1,"know when earthquakes are about to happen","rare_strong",1,"memory_check"
189,25,"know when earthquakes are about to happen",1,1,"know when earthquakes are about to happen","weak_or_strong",1,"memory_check"
190,24,"know when earthquakes are about to happen",1,1,"know when earthquakes are about to happen","rare_weak",1,"memory_check"
191,100,"know when earthquakes are about to happen",1,1,"know when earthquakes are about to happen","weak_or_deterministic",1,"memory_check"
192,100,"know when earthquakes are about to happen",1,1,"know when earthquakes are about to happen","half_or_deterministic",1,"memory_check"
193,1,"know when earthquakes are about to happen",1,1,"know when earthquakes are about to happen","rare_strong",1,"memory_check"
194,53,"know when earthquakes are about to happen",1,1,"know when earthquakes are about to happen","weak_or_half",1,"memory_check"
195,14,"carry malaria",0,0,"know when earthquakes are about to happen","weak_or_deterministic",0,"memory_check"
196,52,"know when earthquakes are about to happen",1,1,"know when earthquakes are about to happen","weak_or_half",1,"memory_check"
197,72,"know when earthquakes are about to happen",1,1,"know when earthquakes are about to happen","rare_strong",1,"memory_check"
198,99,"know when earthquakes are about to happen",1,0,"know when earthquakes are about to happen","uniform",0,"memory_check"
199,47,"know when earthquakes are about to happen",1,1,"know when earthquakes are about to happen","rare_half",1,"memory_check"
200,100,"know when earthquakes are about to happen",1,1,"know when earthquakes are about to happen","half_or_deterministic",1,"memory_check"
201,100,"know when earthquakes are about to happen",1,1,"know when earthquakes are about to happen","half_or_deterministic",1,"memory_check"
202,30,"know when earthquakes are about to happen",1,1,"know when earthquakes are about to happen","uniform",1,"memory_check"
203,100,"know when earthquakes are about to happen",1,1,"know when earthquakes are about to happen","half_or_deterministic",1,"memory_check"
204,21,"know when earthquakes are about to happen",1,1,"know when earthquakes are about to happen","weak_or_strong",1,"memory_check"
205,100,"know when earthquakes are about to happen",1,1,"know when earthquakes are about to happen","rare_deterministic",1,"memory_check"
206,100,"know when earthquakes are about to happen",1,1,"know when earthquakes are about to happen","weak_or_deterministic",1,"memory_check"
207,100,"know when earthquakes are about to happen",1,1,"know when earthquakes are about to happen","weak_or_deterministic",1,"memory_check"
208,98,"know when earthquakes are about to happen",1,1,"know when earthquakes are about to happen","strong_or_deterministic",1,"memory_check"
209,76,"know when earthquakes are about to happen",1,1,"know when earthquakes are about to happen","weak_or_strong",1,"memory_check"
210,69,"know when earthquakes are about to happen",1,1,"know when earthquakes are about to happen","rare_strong",1,"memory_check"
211,22,"know when earthquakes are about to happen",1,1,"know when earthquakes are about to happen","weak_or_deterministic",1,"memory_check"
212,75,"know when earthquakes are about to happen",1,1,"know when earthquakes are about to happen","strong_or_deterministic",1,"memory_check"
213,100,"know when earthquakes are about to happen",1,1,"know when earthquakes are about to happen","strong_or_deterministic",1,"memory_check"
214,100,"know when earthquakes are about to happen",1,1,"know when earthquakes are about to happen","rare_deterministic",1,"memory_check"
215,100,"know when earthquakes are about to happen",1,1,"know when earthquakes are about to happen","uniform",1,"memory_check"
216,100,"know when earthquakes are about to happen",1,1,"know when earthquakes are about to happen","half_or_deterministic",1,"memory_check"
217,21,"know when earthquakes are about to happen",1,1,"know when earthquakes are about to happen","rare_weak",1,"memory_check"
218,23,"know when earthquakes are about to happen",1,1,"know when earthquakes are about to happen","rare_weak",1,"memory_check"
219,25,"know when earthquakes are about to happen",1,1,"know when earthquakes are about to happen","weak_or_half",1,"memory_check"
220,34,"know when earthquakes are about to happen",1,0,"know when earthquakes are about to happen","weak_or_strong",0,"memory_check"
221,100,"know when earthquakes are about to happen",1,1,"know when earthquakes are about to happen","half_or_deterministic",1,"memory_check"
222,1,"know when earthquakes are about to happen",1,1,"know when earthquakes are about to happen","rare_half",1,"memory_check"
223,100,"know when earthquakes are about to happen",1,1,"know when earthquakes are about to happen","half_or_deterministic",1,"memory_check"
224,55,"know when earthquakes are about to happen",1,1,"know when earthquakes are about to happen","uniform",1,"memory_check"
225,80,"know when earthquakes are about to happen",1,1,"know when earthquakes are about to happen","uniform",1,"memory_check"
226,100,"know when earthquakes are about to happen",1,1,"know when earthquakes are about to happen","half_or_deterministic",1,"memory_check"
227,100,"know when earthquakes are about to happen",1,1,"know when earthquakes are about to happen","uniform",1,"memory_check"
228,100,"know when earthquakes are about to happen",1,1,"know when earthquakes are about to happen","uniform",1,"memory_check"
229,100,"know when earthquakes are about to happen",1,1,"know when earthquakes are about to happen","strong_or_deterministic",1,"memory_check"
230,74,"know when earthquakes are about to happen",1,1,"know when earthquakes are about to happen","rare_strong",1,"memory_check"
231,95,"know when earthquakes are about to happen",1,1,"know when earthquakes are about to happen","uniform",1,"memory_check"
232,5,"know when earthquakes are about to happen",1,1,"know when earthquakes are about to happen","uniform",1,"memory_check"
233,77,"know when earthquakes are about to happen",1,1,"know when earthquakes are about to happen","strong_or_deterministic",1,"memory_check"
234,24,"know when earthquakes are about to happen",1,1,"know when earthquakes are about to happen","weak_or_half",1,"memory_check"
235,78,"know when earthquakes are about to happen",1,1,"know when earthquakes are about to happen","rare_strong",1,"memory_check"
236,100,"know when earthquakes are about to happen",1,1,"know when earthquakes are about to happen","rare_deterministic",1,"memory_check"
237,48,"know when earthquakes are about to happen",1,1,"know when earthquakes are about to happen","weak_or_half",1,"memory_check"
238,23,"know when earthquakes are about to happen",1,1,"know when earthquakes are about to happen","rare_weak",1,"memory_check"
239,51,"know when earthquakes are about to happen",1,1,"know when earthquakes are about to happen","weak_or_half",1,"memory_check"
240,78,"know when earthquakes are about to happen",1,1,"know when earthquakes are about to happen","weak_or_strong",1,"memory_check"
241,22,"know when earthquakes are about to happen",1,1,"know when earthquakes are about to happen","rare_weak",1,"memory_check"
242,73,"know when earthquakes are about to happen",1,1,"know when earthquakes are about to happen","weak_or_strong",1,"memory_check"
243,6,"know when earthquakes are about to happen",1,0,"know when earthquakes are about to happen","rare_half",0,"memory_check"
244,51,"know when earthquakes are about to happen",1,1,"know when earthquakes are about to happen","rare_half",1,"memory_check"
245,100,"know when earthquakes are about to happen",1,1,"know when earthquakes are about to happen","uniform",1,"memory_check"
246,100,"know when earthquakes are about to happen",1,1,"know when earthquakes are about to happen","weak_or_deterministic",1,"memory_check"
247,53,"know when earthquakes are about to happen",1,1,"know when earthquakes are about to happen","weak_or_half",1,"memory_check"
248,40,"know when earthquakes are about to happen",1,0,"know when earthquakes are about to happen","rare_half",0,"memory_check"
249,100,"know when earthquakes are about to happen",1,1,"know when earthquakes are about to happen","uniform",1,"memory_check"
250,51,"know when earthquakes are about to happen",1,1,"know when earthquakes are about to happen","half_or_deterministic",1,"memory_check"
251,98,"know when earthquakes are about to happen",1,1,"know when earthquakes are about to happen","weak_or_deterministic",1,"memory_check"
252,31,"know when earthquakes are about to happen",1,1,"know when earthquakes are about to happen","weak_or_deterministic",1,"memory_check"
253,100,"know when earthquakes are about to happen",1,1,"know when earthquakes are about to happen","strong_or_deterministic",1,"memory_check"
254,78,"know when earthquakes are about to happen",1,1,"know when earthquakes are about to happen","weak_or_strong",1,"memory_check"
255,76,"know when earthquakes are about to happen",1,1,"know when earthquakes are about to happen","rare_strong",1,"memory_check"
256,77,"know when earthquakes are about to happen",1,1,"know when earthquakes are about to happen","weak_or_strong",1,"memory_check"
257,52,"know when earthquakes are about to happen",1,1,"know when earthquakes are about to happen","weak_or_half",1,"memory_check"
258,5,"know when earthquakes are about to happen",1,0,"know when earthquakes are about to happen","rare_half",0,"memory_check"
259,31,"know when earthquakes are about to happen",1,1,"know when earthquakes are about to happen","rare_weak",1,"memory_check"
260,22,"know when earthquakes are about to happen",1,1,"know when earthquakes are about to happen","weak_or_deterministic",1,"memory_check"
261,100,"know when earthquakes are about to happen",1,1,"know when earthquakes are about to happen","half_or_deterministic",1,"memory_check"
262,76,"know when earthquakes are about to happen",1,1,"know when earthquakes are about to happen","rare_strong",1,"memory_check"
263,100,"know when earthquakes are about to happen",1,1,"know when earthquakes are about to happen","strong_or_deterministic",1,"memory_check"
264,100,"know when earthquakes are about to happen",1,1,"know when earthquakes are about to happen","strong_or_deterministic",1,"memory_check"
265,100,"know when earthquakes are about to happen",1,1,"know when earthquakes are about to happen","half_or_deterministic",1,"memory_check"
266,25,"know when earthquakes are about to happen",1,1,"know when earthquakes are about to happen","weak_or_deterministic",1,"memory_check"
267,100,"know when earthquakes are about to happen",1,1,"know when earthquakes are about to happen","weak_or_deterministic",1,"memory_check"
268,50,"know when earthquakes are about to happen",1,1,"know when earthquakes are about to happen","weak_or_half",1,"memory_check"
269,26,"know when earthquakes are about to happen",1,1,"know when earthquakes are about to happen","weak_or_strong",1,"memory_check"
270,68,"know when earthquakes are about to happen",1,0,"know when earthquakes are about to happen","uniform",0,"memory_check"
271,100,"know when earthquakes are about to happen",1,1,"know when earthquakes are about to happen","weak_or_deterministic",1,"memory_check"
272,100,"know when earthquakes are about to happen",1,1,"know when earthquakes are about to happen","weak_or_deterministic",1,"memory_check"
273,1,"know when earthquakes are about to happen",1,1,"know when earthquakes are about to happen","rare_weak",1,"memory_check"
274,95,"know when earthquakes are about to happen",1,1,"know when earthquakes are about to happen","uniform",1,"memory_check"
275,100,"know when earthquakes are about to happen",1,1,"know when earthquakes are about to happen","weak_or_deterministic",1,"memory_check"
276,99,"know when earthquakes are about to happen",1,1,"know when earthquakes are about to happen","strong_or_deterministic",1,"memory_check"
277,0,"know when earthquakes are about to happen",1,1,"know when earthquakes are about to happen","uniform",1,"memory_check"
278,100,"know when earthquakes are about to happen",1,1,"know when earthquakes are about to happen","weak_or_deterministic",1,"memory_check"
279,100,"know when earthquakes are about to happen",1,1,"know when earthquakes are about to happen","uniform",1,"memory_check"
280,51,"know when earthquakes are about to happen",1,1,"know when earthquakes are about to happen","weak_or_half",1,"memory_check"
281,100,"know when earthquakes are about to happen",1,1,"know when earthquakes are about to happen","half_or_deterministic",1,"memory_check"
282,38,"know when earthquakes are about to happen",1,0,"know when earthquakes are about to happen","weak_or_strong",0,"memory_check"
283,51,"know when earthquakes are about to happen",1,1,"know when earthquakes are about to happen","weak_or_half",1,"memory_check"
284,52,"know when earthquakes are about to happen",1,1,"know when earthquakes are about to happen","weak_or_half",1,"memory_check"
285,99,"know when earthquakes are about to happen",1,1,"know when earthquakes are about to happen","half_or_deterministic",1,"memory_check"
286,58,"know when earthquakes are about to happen",1,0,"know when earthquakes are about to happen","rare_deterministic",0,"memory_check"
287,100,"know when earthquakes are about to happen",1,1,"know when earthquakes are about to happen","weak_or_deterministic",1,"memory_check"
288,100,"know when earthquakes are about to happen",1,1,"know when earthquakes are about to happen","uniform",1,"memory_check"
289,76,"know when earthquakes are about to happen",1,1,"know when earthquakes are about to happen","rare_strong",1,"memory_check"
290,100,"know when earthquakes are about to happen",1,1,"know when earthquakes are about to happen","half_or_deterministic",1,"memory_check"
291,100,"know when earthquakes are about to happen",1,1,"know when earthquakes are about to happen","strong_or_deterministic",1,"memory_check"
292,25,"know when earthquakes are about to happen",1,1,"know when earthquakes are about to happen","rare_weak",1,"memory_check"
293,52,"know when earthquakes are about to happen",1,1,"know when earthquakes are about to happen","rare_half",1,"memory_check"
294,95,"know when earthquakes are about to happen",1,1,"know when earthquakes are about to happen","rare_deterministic",1,"memory_check"
295,23,"know when earthquakes are about to happen",1,1,"know when earthquakes are about to happen","rare_weak",1,"memory_check"
296,77,"know when earthquakes are about to happen",1,1,"know when earthquakes are about to happen","strong_or_deterministic",1,"memory_check"
297,100,"know when earthquakes are about to happen",1,1,"know when earthquakes are about to happen","weak_or_deterministic",1,"memory_check"
298,98,"know when earthquakes are about to happen",1,1,"know when earthquakes are about to happen","half_or_deterministic",1,"memory_check"
299,50,"know when earthquakes are about to happen",1,1,"know when earthquakes are about to happen","half_or_deterministic",1,"memory_check"
300,99,"know when earthquakes are about to happen",1,1,"know when earthquakes are about to happen","weak_or_deterministic",1,"memory_check"
301,74,"know when earthquakes are about to happen",1,1,"know when earthquakes are about to happen","rare_strong",1,"memory_check"
302,60,"know when earthquakes are about to happen",1,0,"know when earthquakes are about to happen","rare_half",0,"memory_check"
303,23,"know when earthquakes are about to happen",1,1,"know when earthquakes are about to happen","rare_weak",1,"memory_check"
304,40,"know when earthquakes are about to happen",1,0,"know when earthquakes are about to happen","half_or_deterministic",0,"memory_check"
305,26,"know when earthquakes are about to happen",1,1,"know when earthquakes are about to happen","weak_or_half",1,"memory_check"
306,52,"know when earthquakes are about to happen",1,1,"know when earthquakes are about to happen","rare_half",1,"memory_check"
307,97,"know when earthquakes are about to happen",1,1,"know when earthquakes are about to happen","rare_deterministic",1,"memory_check"
308,100,"know when earthquakes are about to happen",1,1,"know when earthquakes are about to happen","half_or_deterministic",1,"memory_check"
309,27,"know when earthquakes are about to happen",1,1,"know when earthquakes are about to happen","rare_weak",1,"memory_check"
310,24,"know when earthquakes are about to happen",1,1,"know when earthquakes are about to happen","weak_or_deterministic",1,"memory_check"
311,99,"know when earthquakes are about to happen",1,1,"know when earthquakes are about to happen","half_or_deterministic",1,"memory_check"
312,74,"know when earthquakes are about to happen",1,1,"know when earthquakes are about to happen","rare_strong",1,"memory_check"
313,74,"know when earthquakes are about to happen",1,0,"know when earthquakes are about to happen","weak_or_strong",0,"memory_check"
314,2,"know when earthquakes are about to happen",1,1,"know when earthquakes are about to happen","rare_strong",1,"memory_check"
315,79,"know when earthquakes are about to happen",1,1,"know when earthquakes are about to happen","weak_or_strong",1,"memory_check"
316,100,"know when earthquakes are about to happen",1,1,"know when earthquakes are about to happen","weak_or_deterministic",1,"memory_check"
317,75,"know when earthquakes are about to happen",1,1,"know when earthquakes are about to happen","strong_or_deterministic",1,"memory_check"
318,100,"know when earthquakes are about to happen",1,1,"know when earthquakes are about to happen","half_or_deterministic",1,"memory_check"
319,100,"know when earthquakes are about to happen",1,1,"know when earthquakes are about to happen","uniform",1,"memory_check"
320,100,"know when earthquakes are about to happen",1,1,"know when earthquakes are about to happen","weak_or_deterministic",1,"memory_check"
321,100,"know when earthquakes are about to happen",1,1,"know when earthquakes are about to happen","uniform",1,"memory_check"
322,52,"know when earthquakes are about to happen",1,1,"know when earthquakes are about to happen","rare_half",1,"memory_check"
323,100,"know when earthquakes are about to happen",1,1,"know when earthquakes are about to happen","uniform",1,"memory_check"
324,99,"know when earthquakes are about to happen",1,1,"know when earthquakes are about to happen","weak_or_deterministic",1,"memory_check"
325,100,"know when earthquakes are about to happen",1,1,"know when earthquakes are about to happen","strong_or_deterministic",1,"memory_check"
326,78,"know when earthquakes are about to happen",1,0,"know when earthquakes are about to happen","weak_or_strong",0,"memory_check"
327,23,"know when earthquakes are about to happen",1,1,"know when earthquakes are about to happen","rare_weak",1,"memory_check"
328,27,"know when earthquakes are about to happen",1,1,"know when earthquakes are about to happen","weak_or_half",1,"memory_check"
329,48,"know when earthquakes are about to happen",1,1,"know when earthquakes are about to happen","weak_or_half",1,"memory_check"
330,74,"know when earthquakes are about to happen",1,1,"know when earthquakes are about to happen","weak_or_strong",1,"memory_check"
331,100,"know when earthquakes are about to happen",1,1,"know when earthquakes are about to happen","weak_or_deterministic",1,"memory_check"
332,100,"know when earthquakes are about to happen",1,1,"know when earthquakes are about to happen","half_or_deterministic",1,"memory_check"
333,100,"know when earthquakes are about to happen",1,1,"know when earthquakes are about to happen","weak_or_deterministic",1,"memory_check"
334,1,"know when earthquakes are about to happen",1,1,"know when earthquakes are about to happen","rare_strong",1,"memory_check"
335,77,"know when earthquakes are about to happen",1,1,"know when earthquakes are about to happen","weak_or_strong",1,"memory_check"
336,2,"know when earthquakes are about to happen",1,1,"know when earthquakes are about to happen","rare_strong",1,"memory_check"
337,73,"know when earthquakes are about to happen",1,1,"know when earthquakes are about to happen","rare_strong",1,"memory_check"
338,99,"know when earthquakes are about to happen",1,1,"know when earthquakes are about to happen","half_or_deterministic",1,"memory_check"
339,14,"know when earthquakes are about to happen",1,0,"know when earthquakes are about to happen","weak_or_strong",0,"memory_check"
340,75,"know when earthquakes are about to happen",1,1,"know when earthquakes are about to happen","rare_strong",1,"memory_check"
341,0,"know when earthquakes are about to happen",1,1,"know when earthquakes are about to happen","rare_half",1,"memory_check"
342,100,"know when earthquakes are about to happen",1,1,"know when earthquakes are about to happen","rare_deterministic",1,"memory_check"
343,0,"know when earthquakes are about to happen",1,1,"know when earthquakes are about to happen","rare_weak",1,"memory_check"
344,26,"know when earthquakes are about to happen",1,1,"know when earthquakes are about to happen","rare_weak",1,"memory_check"
345,76,"know when earthquakes are about to happen",1,1,"know when earthquakes are about to happen","weak_or_strong",1,"memory_check"
346,30,"know when earthquakes are about to happen",1,1,"know when earthquakes are about to happen","rare_weak",1,"memory_check"
347,35,"know when earthquakes are about to happen",1,0,"know when earthquakes are about to happen","rare_deterministic",0,"memory_check"
348,51,"know when earthquakes are about to happen",1,0,"know when earthquakes are about to happen","rare_half",0,"memory_check"
349,100,"know when earthquakes are about to happen",1,1,"know when earthquakes are about to happen","strong_or_deterministic",1,"memory_check"
350,25,"know when earthquakes are about to happen",1,1,"know when earthquakes are about to happen","rare_weak",1,"memory_check"
351,51,"know when earthquakes are about to happen",1,1,"know when earthquakes are about to happen","rare_half",1,"memory_check"
352,50,"know when earthquakes are about to happen",1,1,"know when earthquakes are about to happen","weak_or_half",1,"memory_check"
353,12,"play with bottlecaps",0,0,"know when earthquakes are about to happen","weak_or_half",0,"memory_check"
354,48,"know when earthquakes are about to happen",1,1,"know when earthquakes are about to happen","rare_half",1,"memory_check"
355,100,"know when earthquakes are about to happen",1,1,"know when earthquakes are about to happen","uniform",1,"memory_check"
356,54,"know when earthquakes are about to happen",1,1,"know when earthquakes are about to happen","rare_half",1,"memory_check"
357,100,"know when earthquakes are about to happen",1,1,"know when earthquakes are about to happen","strong_or_deterministic",1,"memory_check"
358,78,"know when earthquakes are about to happen",1,1,"know when earthquakes are about to happen","rare_strong",1,"memory_check"
359,3,"have seizures",0,0,"know when earthquakes are about to happen","rare_strong",0,"memory_check"
360,27,"know when earthquakes are about to happen",1,1,"know when earthquakes are about to happen","rare_weak",1,"memory_check"
361,0,"know when earthquakes are about to happen",1,1,"know when earthquakes are about to happen","rare_strong",1,"memory_check"
362,98,"know when earthquakes are about to happen",1,1,"know when earthquakes are about to happen","rare_deterministic",1,"memory_check"
363,0,"know when earthquakes are about to happen",1,1,"know when earthquakes are about to happen","rare_half",1,"memory_check"
364,0,"know when earthquakes are about to happen",1,1,"know when earthquakes are about to happen","rare_weak",1,"memory_check"
365,0,"know when earthquakes are about to happen",1,1,"know when earthquakes are about to happen","rare_strong",1,"memory_check"
366,10,"know when earthquakes are about to happen",1,0,"know when earthquakes are about to happen","rare_strong",0,"memory_check"
367,27,"know when earthquakes are about to happen",1,1,"know when earthquakes are about to happen","rare_weak",1,"memory_check"
368,100,"know when earthquakes are about to happen",1,1,"know when earthquakes are about to happen","uniform",1,"memory_check"
369,100,"know when earthquakes are about to happen",1,1,"know when earthquakes are about to happen","rare_deterministic",1,"memory_check"
370,56,"know when earthquakes are about to happen",1,1,"know when earthquakes are about to happen","weak_or_half",1,"memory_check"
371,76,"know when earthquakes are about to happen",1,1,"know when earthquakes are about to happen","strong_or_deterministic",1,"memory_check"
372,99,"know when earthquakes are about to happen",1,1,"know when earthquakes are about to happen","half_or_deterministic",1,"memory_check"
373,0,"know when earthquakes are about to happen",1,1,"know when earthquakes are about to happen","rare_deterministic",1,"memory_check"
374,100,"know when earthquakes are about to happen",1,1,"know when earthquakes are about to happen","strong_or_deterministic",1,"memory_check"
375,75,"know when earthquakes are about to happen",1,1,"know when earthquakes are about to happen","rare_strong",1,"memory_check"
376,43,"know when earthquakes are about to happen",1,0,"know when earthquakes are about to happen","weak_or_half",0,"memory_check"
377,76,"know when earthquakes are about to happen",1,1,"know when earthquakes are about to happen","weak_or_strong",1,"memory_check"
378,100,"know when earthquakes are about to happen",1,1,"know when earthquakes are about to happen","strong_or_deterministic",1,"memory_check"
379,52,"know when earthquakes are about to happen",1,1,"know when earthquakes are about to happen","rare_half",1,"memory_check"
380,52,"know when earthquakes are about to happen",1,1,"know when earthquakes are about to happen","weak_or_half",1,"memory_check"
381,78,"know when earthquakes are about to happen",1,1,"know when earthquakes are about to happen","rare_strong",1,"memory_check"
382,78,"know when earthquakes are about to happen",1,1,"know when earthquakes are about to happen","weak_or_strong",1,"memory_check"
383,48,"know when earthquakes are about to happen",1,1,"know when earthquakes are about to happen","weak_or_half",1,"memory_check"
384,76,"know when earthquakes are about to happen",1,1,"know when earthquakes are about to happen","rare_strong",1,"memory_check"
385,51,"know when earthquakes are about to happen",1,1,"know when earthquakes are about to happen","rare_half",1,"memory_check"
386,100,"know when earthquakes are about to happen",1,1,"know when earthquakes are about to happen","rare_deterministic",1,"memory_check"
387,52,"know when earthquakes are about to happen",1,1,"know when earthquakes are about to happen","rare_half",1,"memory_check"
388,70,"know when earthquakes are about to happen",1,1,"know when earthquakes are about to happen","uniform",1,"memory_check"
389,73,"know when earthquakes are about to happen",1,1,"know when earthquakes are about to happen","strong_or_deterministic",1,"memory_check"
390,100,"know when earthquakes are about to happen",1,1,"know when earthquakes are about to happen","weak_or_deterministic",1,"memory_check"
391,27,"know when earthquakes are about to happen",1,1,"know when earthquakes are about to happen","rare_weak",1,"memory_check"
392,76,"know when earthquakes are about to happen",1,1,"know when earthquakes are about to happen","weak_or_strong",1,"memory_check"
393,100,"know when earthquakes are about to happen",1,1,"know when earthquakes are about to happen","weak_or_deterministic",1,"memory_check"
394,100,"know when earthquakes are about to happen",1,1,"know when earthquakes are about to happen","rare_deterministic",1,"memory_check"
395,55,"know when earthquakes are about to happen",1,1,"know when earthquakes are about to happen","weak_or_half",1,"memory_check"
396,74,"know when earthquakes are about to happen",1,1,"know when earthquakes are about to happen","weak_or_strong",1,"memory_check"
397,100,"torture other animals",0,1,"know when earthquakes are about to happen","rare_deterministic",0,"memory_check"
398,56,"know when earthquakes are about to happen",1,1,"know when earthquakes are about to happen","weak_or_half",1,"memory_check"
399,100,"know when earthquakes are about to happen",1,1,"know when earthquakes are about to happen","half_or_deterministic",1,"memory_check"
400,98,"know when earthquakes are about to happen",1,1,"know when earthquakes are about to happen","strong_or_deterministic",1,"memory_check"
401,100,"know when earthquakes are about to happen",1,1,"know when earthquakes are about to happen","rare_deterministic",1,"memory_check"
402,28,"know when earthquakes are about to happen",1,1,"know when earthquakes are about to happen","rare_weak",1,"memory_check"
403,10,"know when earthquakes are about to happen",1,0,"know when earthquakes are about to happen","rare_weak",0,"memory_check"
404,100,"know when earthquakes are about to happen",1,1,"know when earthquakes are about to happen","rare_deterministic",1,"memory_check"
405,100,"know when earthquakes are about to happen",1,1,"know when earthquakes are about to happen","half_or_deterministic",1,"memory_check"
406,100,"know when earthquakes are about to happen",1,1,"know when earthquakes are about to happen","uniform",1,"memory_check"
407,80,"know when earthquakes are about to happen",1,1,"know when earthquakes are about to happen","uniform",1,"memory_check"
408,52,"know when earthquakes are about to happen",1,1,"know when earthquakes are about to happen","weak_or_half",1,"memory_check"
409,98,"know when earthquakes are about to happen",1,1,"know when earthquakes are about to happen","rare_deterministic",1,"memory_check"
410,0,"know when earthquakes are about to happen",1,1,"know when earthquakes are about to happen","rare_half",1,"memory_check"
411,100,"know when earthquakes are about to happen",1,1,"know when earthquakes are about to happen","rare_deterministic",1,"memory_check"
412,45,"know when earthquakes are about to happen",1,1,"know when earthquakes are about to happen","weak_or_half",1,"memory_check"
413,53,"know when earthquakes are about to happen",1,1,"know when earthquakes are about to happen","rare_half",1,"memory_check"
414,53,"know when earthquakes are about to happen",1,1,"know when earthquakes are about to happen","weak_or_half",1,"memory_check"
415,52,"know when earthquakes are about to happen",1,1,"know when earthquakes are about to happen","weak_or_half",1,"memory_check"
416,48,"know when earthquakes are about to happen",1,1,"know when earthquakes are about to happen","rare_half",1,"memory_check"
417,51,"know when earthquakes are about to happen",1,1,"know when earthquakes are about to happen","rare_half",1,"memory_check"
418,98,"know when earthquakes are about to happen",1,1,"know when earthquakes are about to happen","rare_deterministic",1,"memory_check"
419,77,"know when earthquakes are about to happen",1,1,"know when earthquakes are about to happen","weak_or_strong",1,"memory_check"
420,76,"know when earthquakes are about to happen",1,1,"know when earthquakes are about to happen","rare_strong",1,"memory_check"
421,73,"know when earthquakes are about to happen",1,1,"know when earthquakes are about to happen","rare_strong",1,"memory_check"
422,100,"know when earthquakes are about to happen",1,1,"know when earthquakes are about to happen","rare_deterministic",1,"memory_check"
423,1,"know when earthquakes are about to happen",1,1,"know when earthquakes are about to happen","rare_strong",1,"memory_check"
424,100,"know when earthquakes are about to happen",1,1,"know when earthquakes are about to happen","uniform",1,"memory_check"
425,100,"know when earthquakes are about to happen",1,1,"know when earthquakes are about to happen","half_or_deterministic",1,"memory_check"
426,100,"know when earthquakes are about to happen",1,1,"know when earthquakes are about to happen","strong_or_deterministic",1,"memory_check"
427,100,"know when earthquakes are about to happen",1,1,"know when earthquakes are about to happen","strong_or_deterministic",1,"memory_check"
428,100,"know when earthquakes are about to happen",1,1,"know when earthquakes are about to happen","weak_or_deterministic",1,"memory_check"
429,97,"know when earthquakes are about to happen",1,1,"know when earthquakes are about to happen","half_or_deterministic",1,"memory_check"
430,100,"know when earthquakes are about to happen",1,1,"know when earthquakes are about to happen","strong_or_deterministic",1,"memory_check"
431,54,"know when earthquakes are about to happen",1,1,"know when earthquakes are about to happen","half_or_deterministic",1,"memory_check"
432,100,"know when earthquakes are about to happen",1,1,"know when earthquakes are about to happen","half_or_deterministic",1,"memory_check"
433,100,"know when earthquakes are about to happen",1,1,"know when earthquakes are about to happen","weak_or_deterministic",1,"memory_check"
434,49,"know when earthquakes are about to happen",1,1,"know when earthquakes are about to happen","rare_half",1,"memory_check"
435,26,"know when earthquakes are about to happen",1,1,"know when earthquakes are about to happen","rare_weak",1,"memory_check"
436,52,"know when earthquakes are about to happen",1,1,"know when earthquakes are about to happen","rare_half",1,"memory_check"
437,1,"know when earthquakes are about to happen",1,1,"know when earthquakes are about to happen","rare_weak",1,"memory_check"
438,77,"know when earthquakes are about to happen",1,1,"know when earthquakes are about to happen","weak_or_strong",1,"memory_check"
439,26,"know when earthquakes are about to happen",1,1,"know when earthquakes are about to happen","rare_weak",1,"memory_check"
440,100,"know when earthquakes are about to happen",1,1,"know when earthquakes are about to happen","rare_deterministic",1,"memory_check"
441,100,"know when earthquakes are about to happen",1,1,"know when earthquakes are about to happen","half_or_deterministic",1,"memory_check"
442,77,"know when earthquakes are about to happen",1,1,"know when earthquakes are about to happen","rare_strong",1,"memory_check"
443,100,"know when earthquakes are about to happen",1,1,"know when earthquakes are about to happen","weak_or_deterministic",1,"memory_check"
444,77,"know when earthquakes are about to happen",1,1,"know when earthquakes are about to happen","rare_strong",1,"memory_check"
445,55,"know when earthquakes are about to happen",1,1,"know when earthquakes are about to happen","weak_or_half",1,"memory_check"
446,100,"know when earthquakes are about to happen",1,1,"know when earthquakes are about to happen","uniform",1,"memory_check"
447,100,"know when earthquakes are about to happen",1,1,"know when earthquakes are about to happen","strong_or_deterministic",1,"memory_check"
448,21,"know when earthquakes are about to happen",1,1,"know when earthquakes are about to happen","weak_or_half",1,"memory_check"
449,95,"know when earthquakes are about to happen",1,1,"know when earthquakes are about to happen","rare_deterministic",1,"memory_check"
450,75,"know when earthquakes are about to happen",1,1,"know when earthquakes are about to happen","weak_or_strong",1,"memory_check"
451,100,"know when earthquakes are about to happen",1,1,"know when earthquakes are about to happen","uniform",1,"memory_check"
452,100,"know when earthquakes are about to happen",1,1,"know when earthquakes are about to happen","uniform",1,"memory_check"
453,73,"know when earthquakes are about to happen",1,1,"know when earthquakes are about to happen","rare_strong",1,"memory_check"
454,100,"know when earthquakes are about to happen",1,1,"know when earthquakes are about to happen","rare_deterministic",1,"memory_check"
455,77,"know when earthquakes are about to happen",1,1,"know when earthquakes are about to happen","weak_or_strong",1,"memory_check"
456,74,"know when earthquakes are about to happen",1,1,"know when earthquakes are about to happen","weak_or_strong",1,"memory_check"
457,52,"know when earthquakes are about to happen",1,1,"know when earthquakes are about to happen","rare_half",1,"memory_check"
458,77,"know when earthquakes are about to happen",1,1,"know when earthquakes are about to happen","weak_or_strong",1,"memory_check"
459,100,"know when earthquakes are about to happen",1,1,"know when earthquakes are about to happen","uniform",1,"memory_check"
460,27,"know when earthquakes are about to happen",1,1,"know when earthquakes are about to happen","weak_or_strong",1,"memory_check"
461,98,"know when earthquakes are about to happen",1,1,"know when earthquakes are about to happen","rare_deterministic",1,"memory_check"
462,54,"know when earthquakes are about to happen",1,1,"know when earthquakes are about to happen","rare_half",1,"memory_check"
463,100,"know when earthquakes are about to happen",1,1,"know when earthquakes are about to happen","uniform",1,"memory_check"
464,51,"know when earthquakes are about to happen",1,1,"know when earthquakes are about to happen","weak_or_half",1,"memory_check"
465,100,"know when earthquakes are about to happen",1,1,"know when earthquakes are about to happen","strong_or_deterministic",1,"memory_check"
466,51,"know when earthquakes are about to happen",1,1,"know when earthquakes are about to happen","rare_half",1,"memory_check"
467,100,"know when earthquakes are about to happen",1,1,"know when earthquakes are about to happen","uniform",1,"memory_check"
468,11,"know when earthquakes are about to happen",1,0,"know when earthquakes are about to happen","uniform",0,"memory_check"
469,100,"know when earthquakes are about to happen",1,1,"know when earthquakes are about to happen","uniform",1,"memory_check"
470,80,"know when earthquakes are about to happen",1,1,"know when earthquakes are about to happen","uniform",1,"memory_check"
471,80,"know when earthquakes are about to happen",1,1,"know when earthquakes are about to happen","uniform",1,"memory_check"
472,100,"know when earthquakes are about to happen",1,1,"know when earthquakes are about to happen","half_or_deterministic",1,"memory_check"
473,51,"know when earthquakes are about to happen",1,1,"know when earthquakes are about to happen","rare_half",1,"memory_check"
474,100,"know when earthquakes are about to happen",1,1,"know when earthquakes are about to happen","weak_or_deterministic",1,"memory_check"
475,100,"know when earthquakes are about to happen",1,1,"know when earthquakes are about to happen","uniform",1,"memory_check"
476,100,"know when earthquakes are about to happen",1,1,"know when earthquakes are about to happen","half_or_deterministic",1,"memory_check"
477,100,"know when earthquakes are about to happen",1,1,"know when earthquakes are about to happen","uniform",1,"memory_check"
478,28,"know when earthquakes are about to happen",1,1,"know when earthquakes are about to happen","rare_weak",1,"memory_check"
479,51,"know when earthquakes are about to happen",1,1,"know when earthquakes are about to happen","rare_half",1,"memory_check"
480,26,"know when earthquakes are about to happen",1,1,"know when earthquakes are about to happen","weak_or_half",1,"memory_check"
481,28,"know when earthquakes are about to happen",1,1,"know when earthquakes are about to happen","rare_weak",1,"memory_check"
482,50,"know when earthquakes are about to happen",1,1,"know when earthquakes are about to happen","weak_or_half",1,"memory_check"
483,25,"know when earthquakes are about to happen",1,1,"know when earthquakes are about to happen","rare_weak",1,"memory_check"
484,100,"know when earthquakes are about to happen",1,1,"know when earthquakes are about to happen","strong_or_deterministic",1,"memory_check"
485,100,"know when earthquakes are about to happen",1,1,"know when earthquakes are about to happen","uniform",1,"memory_check"
486,25,"know when earthquakes are about to happen",1,1,"know when earthquakes are about to happen","rare_weak",1,"memory_check"
487,70,"know when earthquakes are about to happen",1,1,"know when earthquakes are about to happen","uniform",1,"memory_check"
488,80,"know when earthquakes are about to happen",1,1,"know when earthquakes are about to happen","weak_or_strong",1,"memory_check"
489,100,"know when earthquakes are about to happen",1,1,"know when earthquakes are about to happen","rare_deterministic",1,"memory_check"
490,55,"know when earthquakes are about to happen",1,1,"know when earthquakes are about to happen","uniform",1,"memory_check"
491,100,"know when earthquakes are about to happen",1,1,"know when earthquakes are about to happen","rare_deterministic",1,"memory_check"
492,29,"know when earthquakes are about to happen",1,1,"know when earthquakes are about to happen","rare_weak",1,"memory_check"
493,25,"know when earthquakes are about to happen",1,1,"know when earthquakes are about to happen","weak_or_strong",1,"memory_check"
494,51,"know when earthquakes are about to happen",1,1,"know when earthquakes are about to happen","weak_or_half",1,"memory_check"
495,100,"know when earthquakes are about to happen",1,1,"know when earthquakes are about to happen","uniform",1,"memory_check"
496,100,"know when earthquakes are about to happen",1,1,"know when earthquakes are about to happen","strong_or_deterministic",1,"memory_check"
497,24,"know when earthquakes are about to happen",1,1,"know when earthquakes are about to happen","rare_weak",1,"memory_check"
498,0,"know when earthquakes are about to happen",1,1,"know when earthquakes are about to happen","rare_strong",1,"memory_check"
499,74,"know when earthquakes are about to happen",1,1,"know when earthquakes are about to happen","rare_strong",1,"memory_check"
500,53,"know when earthquakes are about to happen",1,1,"know when earthquakes are about to happen","rare_half",1,"memory_check"
501,49,"know when earthquakes are about to happen",1,1,"know when earthquakes are about to happen","weak_or_half",1,"memory_check"
502,100,"know when earthquakes are about to happen",1,1,"know when earthquakes are about to happen","weak_or_deterministic",1,"memory_check"
503,49,"know when earthquakes are about to happen",1,1,"know when earthquakes are about to happen","rare_half",1,"memory_check"
504,77,"know when earthquakes are about to happen",1,1,"know when earthquakes are about to happen","rare_strong",1,"memory_check"
505,21,"know when earthquakes are about to happen",1,1,"know when earthquakes are about to happen","weak_or_strong",1,"memory_check"
506,45,"know when earthquakes are about to happen",1,1,"know when earthquakes are about to happen","uniform",1,"memory_check"
507,100,"know when earthquakes are about to happen",1,1,"know when earthquakes are about to happen","uniform",1,"memory_check"
508,44,"know when earthquakes are about to happen",1,1,"know when earthquakes are about to happen","weak_or_half",1,"memory_check"
509,54,"know when earthquakes are about to happen",1,1,"know when earthquakes are about to happen","weak_or_half",1,"memory_check"
510,100,"know when earthquakes are about to happen",1,1,"know when earthquakes are about to happen","strong_or_deterministic",1,"memory_check"
511,53,"know when earthquakes are about to happen",1,1,"know when earthquakes are about to happen","rare_half",1,"memory_check"
512,1,"know when earthquakes are about to happen",1,1,"know when earthquakes are about to happen","rare_weak",1,"memory_check"
513,47,"know when earthquakes are about to happen",1,1,"know when earthquakes are about to happen","rare_half",1,"memory_check"
514,3,"know when earthquakes are about to happen",1,1,"know when earthquakes are about to happen","rare_strong",1,"memory_check"
515,75,"know when earthquakes are about to happen",1,1,"know when earthquakes are about to happen","rare_strong",1,"memory_check"
516,76,"know when earthquakes are about to happen",1,1,"know when earthquakes are about to happen","rare_strong",1,"memory_check"
517,54,"know when earthquakes are about to happen",1,1,"know when earthquakes are about to happen","weak_or_half",1,"memory_check"
518,100,"know when earthquakes are about to happen",1,1,"know when earthquakes are about to happen","uniform",1,"memory_check"
519,75,"know when earthquakes are about to happen",1,0,"know when earthquakes are about to happen","rare_weak",0,"memory_check"
520,100,"know when earthquakes are about to happen",1,1,"know when earthquakes are about to happen","half_or_deterministic",1,"memory_check"
521,99,"know when earthquakes are about to happen",1,1,"know when earthquakes are about to happen","weak_or_deterministic",1,"memory_check"
522,24,"know when earthquakes are about to happen",1,1,"know when earthquakes are about to happen","rare_weak",1,"memory_check"
523,53,"know when earthquakes are about to happen",1,1,"know when earthquakes are about to happen","weak_or_half",1,"memory_check"
524,0,"know when earthquakes are about to happen",1,1,"know when earthquakes are about to happen","rare_half",1,"memory_check"
525,50,"know when earthquakes are about to happen",1,1,"know when earthquakes are about to happen","weak_or_half",1,"memory_check"
526,48,"know when earthquakes are about to happen",1,1,"know when earthquakes are about to happen","weak_or_half",1,"memory_check"
527,100,"know when earthquakes are about to happen",1,1,"know when earthquakes are about to happen","weak_or_deterministic",1,"memory_check"
528,100,"know when earthquakes are about to happen",1,1,"know when earthquakes are about to happen","weak_or_deterministic",1,"memory_check"
529,100,"know when earthquakes are about to happen",1,1,"know when earthquakes are about to happen","rare_deterministic",1,"memory_check"
530,76,"know when earthquakes are about to happen",1,1,"know when earthquakes are about to happen","weak_or_strong",1,"memory_check"
531,98,"know when earthquakes are about to happen",1,1,"know when earthquakes are about to happen","rare_deterministic",1,"memory_check"
532,73,"know when earthquakes are about to happen",1,1,"know when earthquakes are about to happen","weak_or_strong",1,"memory_check"
533,50,"know when earthquakes are about to happen",1,1,"know when earthquakes are about to happen","half_or_deterministic",1,"memory_check"
534,75,"know when earthquakes are about to happen",1,1,"know when earthquakes are about to happen","weak_or_strong",1,"memory_check"
535,21,"know when earthquakes are about to happen",1,1,"know when earthquakes are about to happen","weak_or_strong",1,"memory_check"
536,76,"know when earthquakes are about to happen",1,1,"know when earthquakes are about to happen","rare_strong",1,"memory_check"
537,100,"know when earthquakes are about to happen",1,1,"know when earthquakes are about to happen","rare_deterministic",1,"memory_check"
538,29,"know when earthquakes are about to happen",1,1,"know when earthquakes are about to happen","weak_or_deterministic",1,"memory_check"
539,1,"know when earthquakes are about to happen",1,1,"know when earthquakes are about to happen","rare_half",1,"memory_check"
540,100,"know when earthquakes are about to happen",1,1,"know when earthquakes are about to happen","half_or_deterministic",1,"memory_check"
541,100,"know when earthquakes are about to happen",1,1,"know when earthquakes are about to happen","half_or_deterministic",1,"memory_check"
542,5,"know when earthquakes are about to happen",1,1,"know when earthquakes are about to happen","uniform",1,"memory_check"
543,74,"know when earthquakes are about to happen",1,1,"know when earthquakes are about to happen","weak_or_strong",1,"memory_check"
544,99,"know when earthquakes are about to happen",1,1,"know when earthquakes are about to happen","strong_or_deterministic",1,"memory_check"
545,76,"know when earthquakes are about to happen",1,0,"know when earthquakes are about to happen","weak_or_strong",0,"memory_check"
546,54,"know when earthquakes are about to happen",1,1,"know when earthquakes are about to happen","weak_or_half",1,"memory_check"
547,25,"know when earthquakes are about to happen",1,1,"know when earthquakes are about to happen","weak_or_strong",1,"memory_check"
548,1,"know when earthquakes are about to happen",1,1,"know when earthquakes are about to happen","rare_strong",1,"memory_check"
549,27,"know when earthquakes are about to happen",1,1,"know when earthquakes are about to happen","rare_weak",1,"memory_check"
550,10,"know when earthquakes are about to happen",1,0,"know when earthquakes are about to happen","weak_or_half",0,"memory_check"
551,100,"have seizures",0,1,"know when earthquakes are about to happen","weak_or_deterministic",0,"memory_check"
552,97,"know when earthquakes are about to happen",1,1,"know when earthquakes are about to happen","weak_or_deterministic",1,"memory_check"
553,100,"know when earthquakes are about to happen",1,1,"know when earthquakes are about to happen","weak_or_deterministic",1,"memory_check"
554,0,"know when earthquakes are about to happen",1,1,"know when earthquakes are about to happen","rare_deterministic",1,"memory_check"
555,77,"know when earthquakes are about to happen",1,1,"know when earthquakes are about to happen","rare_strong",1,"memory_check"
556,78,"know when earthquakes are about to happen",1,1,"know when earthquakes are about to happen","rare_strong",1,"memory_check"
557,77,"know when earthquakes are about to happen",1,1,"know when earthquakes are about to happen","rare_strong",1,"memory_check"
558,100,"know when earthquakes are about to happen",1,1,"know when earthquakes are about to happen","strong_or_deterministic",1,"memory_check"
559,75,"know when earthquakes are about to happen",1,1,"know when earthquakes are about to happen","rare_strong",1,"memory_check"
560,23,"know when earthquakes are about to happen",1,1,"know when earthquakes are about to happen","rare_weak",1,"memory_check"
561,52,"know when earthquakes are about to happen",1,1,"know when earthquakes are about to happen","weak_or_half",1,"memory_check"
562,48,"know when earthquakes are about to happen",1,1,"know when earthquakes are about to happen","rare_half",1,"memory_check"
563,100,"know when earthquakes are about to happen",1,1,"know when earthquakes are about to happen","strong_or_deterministic",1,"memory_check"
564,73,"know when earthquakes are about to happen",1,1,"know when earthquakes are about to happen","rare_strong",1,"memory_check"
565,0,"know when earthquakes are about to happen",1,1,"know when earthquakes are about to happen","uniform",1,"memory_check"
566,100,"know when earthquakes are about to happen",1,1,"know when earthquakes are about to happen","half_or_deterministic",1,"memory_check"
567,100,"know when earthquakes are about to happen",1,1,"know when earthquakes are about to happen","half_or_deterministic",1,"memory_check"
568,26,"know when earthquakes are about to happen",1,0,"know when earthquakes are about to happen","rare_half",0,"memory_check"
569,100,"know when earthquakes are about to happen",1,1,"know when earthquakes are about to happen","half_or_deterministic",1,"memory_check"
570,100,"know when earthquakes are about to happen",1,1,"know when earthquakes are about to happen","rare_deterministic",1,"memory_check"
571,1,"know when earthquakes are about to happen",1,1,"know when earthquakes are about to happen","rare_weak",1,"memory_check"
572,80,"know when earthquakes are about to happen",1,1,"know when earthquakes are about to happen","uniform",1,"memory_check"
573,99,"know when earthquakes are about to happen",1,1,"know when earthquakes are about to happen","rare_deterministic",1,"memory_check"
574,100,"know when earthquakes are about to happen",1,1,"know when earthquakes are about to happen","weak_or_deterministic",1,"memory_check"
575,24,"know when earthquakes are about to happen",1,1,"know when earthquakes are about to happen","rare_weak",1,"memory_check"
576,27,"know when earthquakes are about to happen",1,1,"know when earthquakes are about to happen","weak_or_half",1,"memory_check"
577,99,"know when earthquakes are about to happen",1,1,"know when earthquakes are about to happen","weak_or_deterministic",1,"memory_check"
578,54,"know when earthquakes are about to happen",1,1,"know when earthquakes are about to happen","half_or_deterministic",1,"memory_check"
579,78,"know when earthquakes are about to happen",1,1,"know when earthquakes are about to happen","weak_or_strong",1,"memory_check"
580,100,"know when earthquakes are about to happen",1,1,"know when earthquakes are about to happen","half_or_deterministic",1,"memory_check"
581,95,"know when earthquakes are about to happen",1,1,"know when earthquakes are about to happen","uniform",1,"memory_check"
582,98,"know when earthquakes are about to happen",1,1,"know when earthquakes are about to happen","rare_deterministic",1,"memory_check"
583,97,"know when earthquakes are about to happen",1,1,"know when earthquakes are about to happen","half_or_deterministic",1,"memory_check"
584,100,"know when earthquakes are about to happen",1,1,"know when earthquakes are about to happen","weak_or_deterministic",1,"memory_check"
585,0,"know when earthquakes are about to happen",1,1,"know when earthquakes are about to happen","rare_deterministic",1,"memory_check"
586,100,"know when earthquakes are about to happen",1,1,"know when earthquakes are about to happen","half_or_deterministic",1,"memory_check"
587,48,"know when earthquakes are about to happen",1,1,"know when earthquakes are about to happen","weak_or_half",1,"memory_check"
588,53,"know when earthquakes are about to happen",1,1,"know when earthquakes are about to happen","weak_or_half",1,"memory_check"
589,53,"know when earthquakes are about to happen",1,1,"know when earthquakes are about to happen","weak_or_half",1,"memory_check"
590,76,"know when earthquakes are about to happen",1,1,"know when earthquakes are about to happen","strong_or_deterministic",1,"memory_check"
591,47,"know when earthquakes are about to happen",1,1,"know when earthquakes are about to happen","rare_half",1,"memory_check"
592,100,"know when earthquakes are about to happen",1,1,"know when earthquakes are about to happen","weak_or_deterministic",1,"memory_check"
593,51,"know when earthquakes are about to happen",1,1,"know when earthquakes are about to happen","weak_or_half",1,"memory_check"
594,100,"know when earthquakes are about to happen",1,1,"know when earthquakes are about to happen","strong_or_deterministic",1,"memory_check"
595,45,"know when earthquakes are about to happen",1,1,"know when earthquakes are about to happen","uniform",1,"memory_check"
596,0,"know when earthquakes are about to happen",1,1,"know when earthquakes are about to happen","rare_half",1,"memory_check"
597,100,"know when earthquakes are about to happen",1,1,"know when earthquakes are about to happen","weak_or_deterministic",1,"memory_check"
598,76,"know when earthquakes are about to happen",1,1,"know when earthquakes are about to happen","weak_or_strong",1,"memory_check"
599,6,"eat candy wrappers",0,0,"know when earthquakes are about to happen","half_or_deterministic",0,"memory_check"
